<?xml version = '1.0' encoding = 'UTF-8'?>
<!DOCTYPE properties SYSTEM "http://java.sun.com/dtd/properties.dtd">
<properties>
   <entry key="root_descriptor_alias">CUSTOMERDATA.EPSEWERAI_CR_INSPECT</entry>
   <entry key="CUSTOMERDATA.EPSEWERAI_CR_INSPECT:db_table_type">TABLE</entry>
   <entry key="CUSTOMERDATA.EPSEWERAI_CR_INSPECT.LATERAL_SEGMENT_REFERENCE:db_column_type">VARCHAR2</entry>
   <entry key="CUSTOMERDATA.EPSEWERAI_CR_INSPECT.COVER_SHAPE:db_column_type">VARCHAR2</entry>
   <entry key="CUSTOMERDATA.EPSEWERAI_CR_INSPECT.PO_NUMBER:db_column_type">VARCHAR2</entry>
   <entry key="CUSTOMERDATA.EPSEWERAI_CR_INSPECT.UPSTREAM_MH:db_column_type">VARCHAR2</entry>
   <entry key="CUSTOMERDATA.EPSEWERAI_CR_INSPECT.ACCESS_TYPE:db_column_size">50</entry>
   <entry key="CUSTOMERDATA.EPSEWERAI_CR_INSPECT.PROJECT:db_column_size">503</entry>
   <entry key="CUSTOMERDATA.EPSEWERAI_CR_INSPECT:db_column_15">FEED_STATUS</entry>
   <entry key="CUSTOMERDATA.EPSEWERAI_CR_INSPECT:db_column_14">DOWNSTREAM_MH</entry>
   <entry key="CUSTOMERDATA.EPSEWERAI_CR_INSPECT.ADDITIONAL_INFORMATION:db_column_not_null">false</entry>
   <entry key="CUSTOMERDATA.EPSEWERAI_CR_INSPECT:db_column_13">UPSTREAM_MH</entry>
   <entry key="CUSTOMERDATA.EPSEWERAI_CR_INSPECT.DOWNSTREAM_MH:db_column_type">VARCHAR2</entry>
   <entry key="CUSTOMERDATA.EPSEWERAI_CR_INSPECT:db_column_12">COVER_SHAPE</entry>
   <entry key="CUSTOMERDATA.EPSEWERAI_CR_INSPECT:db_column_11">ACCESS_TYPE</entry>
   <entry key="CUSTOMERDATA.EPSEWERAI_CR_INSPECT.PROJECT_SID:db_column_not_null">false</entry>
   <entry key="CUSTOMERDATA.EPSEWERAI_CR_INSPECT:db_column_10">MATERIAL</entry>
   <entry key="CUSTOMERDATA.EPSEWERAI_CR_INSPECT.FEED_STATUS:db_column_type">VARCHAR2</entry>
   <entry key="CUSTOMERDATA.EPSEWERAI_CR_INSPECT.DOWNSTREAM_MH:db_column_not_null">false</entry>
   <entry key="CUSTOMERDATA.EPSEWERAI_CR_INSPECT.LATERAL_SEGMENT_REFERENCE:db_column_size">15</entry>
   <entry key="CUSTOMERDATA.EPSEWERAI_CR_INSPECT.COVER_SHAPE:db_column_size">50</entry>
   <entry key="CUSTOMERDATA.EPSEWERAI_CR_INSPECT.PO_NUMBER:db_column_size">50</entry>
   <entry key="CUSTOMERDATA.EPSEWERAI_CR_INSPECT.UPSTREAM_MH:db_column_size">50</entry>
   <entry key="CUSTOMERDATA.EPSEWERAI_CR_INSPECT.ADDITIONAL_INFORMATION:db_column_type">CLOB</entry>
   <entry key="CUSTOMERDATA.EPSEWERAI_CR_INSPECT.DOWNSTREAM_MH:db_column_size">50</entry>
   <entry key="CUSTOMERDATA.EPSEWERAI_CR_INSPECT.FEED_STATUS:db_column_not_null">false</entry>
   <entry key="CUSTOMERDATA.EPSEWERAI_CR_INSPECT.MATERIAL:db_column_type">VARCHAR2</entry>
   <entry key="CUSTOMERDATA.EPSEWERAI_CR_INSPECT.MATERIAL:db_column_not_null">false</entry>
   <entry key="CUSTOMERDATA.EPSEWERAI_CR_INSPECT.PO_NUMBER:db_column_not_null">false</entry>
   <entry key="CUSTOMERDATA.EPSEWERAI_CR_INSPECT.FEED_STATUS:db_column_size">50</entry>
   <entry key="CUSTOMERDATA.EPSEWERAI_CR_INSPECT.PROJECT_SID:db_column_type">RAW</entry>
   <entry key="CUSTOMERDATA.EPSEWERAI_CR_INSPECT:db_column_9">MANHOLE_NUMBER</entry>
   <entry key="CUSTOMERDATA.EPSEWERAI_CR_INSPECT:db_column_8">LATERAL_SEGMENT_REFERENCE</entry>
   <entry key="CUSTOMERDATA.EPSEWERAI_CR_INSPECT:db_column_7">PIPE_SEGMENT_REFERENCE</entry>
   <entry key="CUSTOMERDATA.EPSEWERAI_CR_INSPECT.ACCESS_TYPE:db_column_not_null">false</entry>
   <entry key="CUSTOMERDATA.EPSEWERAI_CR_INSPECT.MATERIAL:db_column_size">50</entry>
   <entry key="CUSTOMERDATA.EPSEWERAI_CR_INSPECT.INSPECTIONID:db_column_not_null">false</entry>
   <entry key="CUSTOMERDATA.EPSEWERAI_CR_INSPECT:db_column_6">ADDITIONAL_INFORMATION</entry>
   <entry key="CUSTOMERDATA.EPSEWERAI_CR_INSPECT:db_column_5">PO_NUMBER</entry>
   <entry key="CUSTOMERDATA.EPSEWERAI_CR_INSPECT.WORKORDER:db_column_not_null">false</entry>
   <entry key="CUSTOMERDATA.EPSEWERAI_CR_INSPECT:db_column_4">PROJECT</entry>
   <entry key="CUSTOMERDATA.EPSEWERAI_CR_INSPECT.UPSTREAM_MH:db_column_not_null">false</entry>
   <entry key="CUSTOMERDATA.EPSEWERAI_CR_INSPECT:db_column_3">WORKORDER</entry>
   <entry key="CUSTOMERDATA.EPSEWERAI_CR_INSPECT:db_column_2">INSPECTIONID</entry>
   <entry key="CUSTOMERDATA.EPSEWERAI_CR_INSPECT.PROJECT:db_column_not_null">false</entry>
   <entry key="CUSTOMERDATA.EPSEWERAI_CR_INSPECT.PIPE_SEGMENT_REFERENCE:db_column_type">VARCHAR2</entry>
   <entry key="CUSTOMERDATA.EPSEWERAI_CR_INSPECT:db_column_1">INSPECTION_TYPE</entry>
   <entry key="CUSTOMERDATA.EPSEWERAI_CR_INSPECT.INSPECTION_TYPE:db_column_not_null">false</entry>
   <entry key="CUSTOMERDATA.EPSEWERAI_CR_INSPECT:db_column_0">PROJECT_SID</entry>
   <entry key="CUSTOMERDATA.EPSEWERAI_CR_INSPECT.PROJECT_SID:db_column_size">16</entry>
   <entry key="CUSTOMERDATA.EPSEWERAI_CR_INSPECT.WORKORDER:db_column_type">VARCHAR2</entry>
   <entry key="CUSTOMERDATA.EPSEWERAI_CR_INSPECT.MANHOLE_NUMBER:db_column_type">VARCHAR2</entry>
   <entry key="CUSTOMERDATA.EPSEWERAI_CR_INSPECT.COVER_SHAPE:db_column_not_null">false</entry>
   <entry key="CUSTOMERDATA.EPSEWERAI_CR_INSPECT.PIPE_SEGMENT_REFERENCE:db_column_size">15</entry>
   <entry key="CUSTOMERDATA.EPSEWERAI_CR_INSPECT.INSPECTIONID:db_column_type">RAW</entry>
   <entry key="CUSTOMERDATA.EPSEWERAI_CR_INSPECT.INSPECTION_TYPE:db_column_type">VARCHAR2</entry>
   <entry key="CUSTOMERDATA.EPSEWERAI_CR_INSPECT.LATERAL_SEGMENT_REFERENCE:db_column_not_null">false</entry>
   <entry key="CUSTOMERDATA.EPSEWERAI_CR_INSPECT.MANHOLE_NUMBER:db_column_not_null">false</entry>
   <entry key="CUSTOMERDATA.EPSEWERAI_CR_INSPECT.WORKORDER:db_column_size">15</entry>
   <entry key="CUSTOMERDATA.EPSEWERAI_CR_INSPECT.MANHOLE_NUMBER:db_column_size">15</entry>
   <entry key="CUSTOMERDATA.EPSEWERAI_CR_INSPECT.ACCESS_TYPE:db_column_type">VARCHAR2</entry>
   <entry key="CUSTOMERDATA.EPSEWERAI_CR_INSPECT.PROJECT:db_column_type">VARCHAR2</entry>
   <entry key="CUSTOMERDATA.EPSEWERAI_CR_INSPECT.INSPECTIONID:db_column_size">16</entry>
   <entry key="CUSTOMERDATA.EPSEWERAI_CR_INSPECT.INSPECTION_TYPE:db_column_size">5</entry>
   <entry key="CUSTOMERDATA.EPSEWERAI_CR_INSPECT.PIPE_SEGMENT_REFERENCE:db_column_not_null">false</entry>
</properties>