<?xml version="1.0" encoding="UTF-8"?>
<object-persistence xmlns="http://www.eclipse.org/eclipselink/xsds/persistence" xmlns:xsi="http://www.w3.org/2001/XMLSchema-instance" xmlns:xsd="http://www.w3.org/2001/XMLSchema" xmlns:eclipselink="http://www.eclipse.org/eclipselink/xsds/persistence" version="Eclipse Persistence Services - 2.6.7.v20190604-418f1a1c56">
   <name>UpdateCRInspectStatus-OR</name>
   <class-mapping-descriptors>
      <class-mapping-descriptor xsi:type="object-relational-class-mapping-descriptor">
         <class>UpdateCRInspectStatus.EpseweraiCrInspect</class>
         <alias>CUSTOMERDATA.EPSEWERAI_CR_INSPECT</alias>
         <primary-key>
            <field table="EPSEWERAI_CR_INSPECT" name="PROJECT_SID" xsi:type="column"/>
            <field table="EPSEWERAI_CR_INSPECT" name="INSPECTIONID" xsi:type="column"/>
         </primary-key>
         <events/>
         <querying>
            <queries>
               <query name="UpdateCRInspectStatusSelect" xsi:type="read-all-query">
                  <reference-class>UpdateCRInspectStatus.EpseweraiCrInspect</reference-class>
                  <container xsi:type="list-container-policy">
                     <collection-type>java.util.Vector</collection-type>
                  </container>
               </query>
            </queries>
         </querying>
         <attribute-mappings>
            <attribute-mapping xsi:type="direct-mapping">
               <attribute-name>projectSid</attribute-name>
               <field table="EPSEWERAI_CR_INSPECT" name="PROJECT_SID" xsi:type="column"/>
               <attribute-classification>[B</attribute-classification>
            </attribute-mapping>
            <attribute-mapping xsi:type="direct-mapping">
               <attribute-name>inspectionType</attribute-name>
               <properties>
                  <property name="enabled">
                     <value>false</value>
                  </property>
               </properties>
               <field table="EPSEWERAI_CR_INSPECT" name="INSPECTION_TYPE" xsi:type="column"/>
               <attribute-classification>java.lang.String</attribute-classification>
            </attribute-mapping>
            <attribute-mapping xsi:type="direct-mapping">
               <attribute-name>inspectionid</attribute-name>
               <field table="EPSEWERAI_CR_INSPECT" name="INSPECTIONID" xsi:type="column"/>
               <attribute-classification>[B</attribute-classification>
            </attribute-mapping>
            <attribute-mapping xsi:type="direct-mapping">
               <attribute-name>workorder</attribute-name>
               <field table="EPSEWERAI_CR_INSPECT" name="WORKORDER" xsi:type="column"/>
               <attribute-classification>java.lang.String</attribute-classification>
            </attribute-mapping>
            <attribute-mapping xsi:type="direct-mapping">
               <attribute-name>project</attribute-name>
               <properties>
                  <property name="enabled">
                     <value>false</value>
                  </property>
               </properties>
               <field table="EPSEWERAI_CR_INSPECT" name="PROJECT" xsi:type="column"/>
               <attribute-classification>java.lang.String</attribute-classification>
            </attribute-mapping>
            <attribute-mapping xsi:type="direct-mapping">
               <attribute-name>poNumber</attribute-name>
               <properties>
                  <property name="enabled">
                     <value>false</value>
                  </property>
               </properties>
               <field table="EPSEWERAI_CR_INSPECT" name="PO_NUMBER" xsi:type="column"/>
               <attribute-classification>java.lang.String</attribute-classification>
            </attribute-mapping>
            <attribute-mapping xsi:type="direct-mapping">
               <attribute-name>additionalInformation</attribute-name>
               <properties>
                  <property name="enabled">
                     <value>false</value>
                  </property>
               </properties>
               <field table="EPSEWERAI_CR_INSPECT" name="ADDITIONAL_INFORMATION" xsi:type="column"/>
               <attribute-classification>[C</attribute-classification>
            </attribute-mapping>
            <attribute-mapping xsi:type="direct-mapping">
               <attribute-name>pipeSegmentReference</attribute-name>
               <properties>
                  <property name="enabled">
                     <value>false</value>
                  </property>
               </properties>
               <field table="EPSEWERAI_CR_INSPECT" name="PIPE_SEGMENT_REFERENCE" xsi:type="column"/>
               <attribute-classification>java.lang.String</attribute-classification>
            </attribute-mapping>
            <attribute-mapping xsi:type="direct-mapping">
               <attribute-name>lateralSegmentReference</attribute-name>
               <properties>
                  <property name="enabled">
                     <value>false</value>
                  </property>
               </properties>
               <field table="EPSEWERAI_CR_INSPECT" name="LATERAL_SEGMENT_REFERENCE" xsi:type="column"/>
               <attribute-classification>java.lang.String</attribute-classification>
            </attribute-mapping>
            <attribute-mapping xsi:type="direct-mapping">
               <attribute-name>manholeNumber</attribute-name>
               <properties>
                  <property name="enabled">
                     <value>false</value>
                  </property>
               </properties>
               <field table="EPSEWERAI_CR_INSPECT" name="MANHOLE_NUMBER" xsi:type="column"/>
               <attribute-classification>java.lang.String</attribute-classification>
            </attribute-mapping>
            <attribute-mapping xsi:type="direct-mapping">
               <attribute-name>material</attribute-name>
               <properties>
                  <property name="enabled">
                     <value>false</value>
                  </property>
               </properties>
               <field table="EPSEWERAI_CR_INSPECT" name="MATERIAL" xsi:type="column"/>
               <attribute-classification>java.lang.String</attribute-classification>
            </attribute-mapping>
            <attribute-mapping xsi:type="direct-mapping">
               <attribute-name>accessType</attribute-name>
               <properties>
                  <property name="enabled">
                     <value>false</value>
                  </property>
               </properties>
               <field table="EPSEWERAI_CR_INSPECT" name="ACCESS_TYPE" xsi:type="column"/>
               <attribute-classification>java.lang.String</attribute-classification>
            </attribute-mapping>
            <attribute-mapping xsi:type="direct-mapping">
               <attribute-name>coverShape</attribute-name>
               <properties>
                  <property name="enabled">
                     <value>false</value>
                  </property>
               </properties>
               <field table="EPSEWERAI_CR_INSPECT" name="COVER_SHAPE" xsi:type="column"/>
               <attribute-classification>java.lang.String</attribute-classification>
            </attribute-mapping>
            <attribute-mapping xsi:type="direct-mapping">
               <attribute-name>upstreamMh</attribute-name>
               <properties>
                  <property name="enabled">
                     <value>false</value>
                  </property>
               </properties>
               <field table="EPSEWERAI_CR_INSPECT" name="UPSTREAM_MH" xsi:type="column"/>
               <attribute-classification>java.lang.String</attribute-classification>
            </attribute-mapping>
            <attribute-mapping xsi:type="direct-mapping">
               <attribute-name>downstreamMh</attribute-name>
               <properties>
                  <property name="enabled">
                     <value>false</value>
                  </property>
               </properties>
               <field table="EPSEWERAI_CR_INSPECT" name="DOWNSTREAM_MH" xsi:type="column"/>
               <attribute-classification>java.lang.String</attribute-classification>
            </attribute-mapping>
            <attribute-mapping xsi:type="direct-mapping">
               <attribute-name>feedStatus</attribute-name>
               <field table="EPSEWERAI_CR_INSPECT" name="FEED_STATUS" xsi:type="column"/>
               <attribute-classification>java.lang.String</attribute-classification>
            </attribute-mapping>
         </attribute-mappings>
         <descriptor-type>independent</descriptor-type>
         <caching>
            <cache-type>weak-reference</cache-type>
            <cache-size>-1</cache-size>
            <always-refresh>true</always-refresh>
         </caching>
         <remote-caching>
            <cache-type>weak-reference</cache-type>
            <cache-size>-1</cache-size>
         </remote-caching>
         <instantiation/>
         <copying xsi:type="instantiation-copy-policy"/>
         <tables>
            <table name="CUSTOMERDATA.EPSEWERAI_CR_INSPECT"/>
         </tables>
         <structure>structureName</structure>
      </class-mapping-descriptor>
   </class-mapping-descriptors>
   <login xsi:type="database-login">
      <platform-class>org.eclipse.persistence.platform.database.oracle.Oracle9Platform</platform-class>
      <connection-url></connection-url>
   </login>
</object-persistence>
