<?xml version = '1.0' encoding = 'UTF-8'?>
<!DOCTYPE properties SYSTEM "http://java.sun.com/dtd/properties.dtd">
<properties>
   <entry key="root_descriptor_alias">CUSTOMERDATA.V_CR_INSPECT_TO_SEND</entry>
   <entry key="CUSTOMERDATA.V_CR_INSPECT_TO_SEND.PO_NUMBER:db_column_size">50</entry>
   <entry key="CUSTOMERDATA.V_CR_INSPECT_TO_SEND.FEED_STATUS:db_column_not_null">false</entry>
   <entry key="CUSTOMERDATA.V_CR_INSPECT_TO_SEND.PROJECT:db_column_not_null">false</entry>
   <entry key="CUSTOMERDATA.V_CR_INSPECT_TO_SEND.MATERIAL:db_column_type">VARCHAR2</entry>
   <entry key="CUSTOMERDATA.V_CR_INSPECT_TO_SEND.PROJECT_SID:db_column_size">4000</entry>
   <entry key="CUSTOMERDATA.V_CR_INSPECT_TO_SEND.ADDITIONAL_INFORMATION:db_column_not_null">false</entry>
   <entry key="CUSTOMERDATA.V_CR_INSPECT_TO_SEND.MANHOLE_NUMBER:db_column_not_null">false</entry>
   <entry key="CUSTOMERDATA.V_CR_INSPECT_TO_SEND:db_column_9">MANHOLE_NUMBER</entry>
   <entry key="CUSTOMERDATA.V_CR_INSPECT_TO_SEND:db_column_8">LATERAL_SEGMENT_REFERENCE</entry>
   <entry key="CUSTOMERDATA.V_CR_INSPECT_TO_SEND:db_column_7">PIPE_SEGMENT_REFERENCE</entry>
   <entry key="CUSTOMERDATA.V_CR_INSPECT_TO_SEND.UPSTREAM_MH:db_column_not_null">false</entry>
   <entry key="CUSTOMERDATA.V_CR_INSPECT_TO_SEND:db_column_6">ADDITIONAL_INFORMATION</entry>
   <entry key="CUSTOMERDATA.V_CR_INSPECT_TO_SEND:db_column_5">PO_NUMBER</entry>
   <entry key="CUSTOMERDATA.V_CR_INSPECT_TO_SEND:db_column_4">PROJECT</entry>
   <entry key="CUSTOMERDATA.V_CR_INSPECT_TO_SEND.MATERIAL:db_column_size">50</entry>
   <entry key="CUSTOMERDATA.V_CR_INSPECT_TO_SEND:db_column_3">WORKORDER</entry>
   <entry key="CUSTOMERDATA.V_CR_INSPECT_TO_SEND:db_column_2">INSPECTIONID</entry>
   <entry key="CUSTOMERDATA.V_CR_INSPECT_TO_SEND.INSPECTIONID:db_column_type">VARCHAR2</entry>
   <entry key="CUSTOMERDATA.V_CR_INSPECT_TO_SEND:db_column_1">INSPECTION_TYPE</entry>
   <entry key="CUSTOMERDATA.V_CR_INSPECT_TO_SEND:db_column_0">PROJECT_SID</entry>
   <entry key="CUSTOMERDATA.V_CR_INSPECT_TO_SEND.ADDITIONAL_INFORMATION:db_column_type">VARCHAR2</entry>
   <entry key="CUSTOMERDATA.V_CR_INSPECT_TO_SEND.PROJECT:db_column_type">VARCHAR2</entry>
   <entry key="CUSTOMERDATA.V_CR_INSPECT_TO_SEND.DOWNSTREAM_MH:db_column_type">VARCHAR2</entry>
   <entry key="CUSTOMERDATA.V_CR_INSPECT_TO_SEND.COVER_SHAPE:db_column_not_null">false</entry>
   <entry key="CUSTOMERDATA.V_CR_INSPECT_TO_SEND.WORKORDER:db_column_type">VARCHAR2</entry>
   <entry key="CUSTOMERDATA.V_CR_INSPECT_TO_SEND.DOWNSTREAM_MH:db_column_not_null">false</entry>
   <entry key="CUSTOMERDATA.V_CR_INSPECT_TO_SEND.INSPECTIONID:db_column_size">4000</entry>
   <entry key="CUSTOMERDATA.V_CR_INSPECT_TO_SEND.INSPECTION_TYPE:db_column_type">VARCHAR2</entry>
   <entry key="CUSTOMERDATA.V_CR_INSPECT_TO_SEND.LATERAL_SEGMENT_REFERENCE:db_column_type">VARCHAR2</entry>
   <entry key="CUSTOMERDATA.V_CR_INSPECT_TO_SEND.ADDITIONAL_INFORMATION:db_column_size">4000</entry>
   <entry key="CUSTOMERDATA.V_CR_INSPECT_TO_SEND.COVER_SHAPE:db_column_type">VARCHAR2</entry>
   <entry key="CUSTOMERDATA.V_CR_INSPECT_TO_SEND.UPSTREAM_MH:db_column_type">VARCHAR2</entry>
   <entry key="CUSTOMERDATA.V_CR_INSPECT_TO_SEND:db_column_15">FEED_STATUS</entry>
   <entry key="CUSTOMERDATA.V_CR_INSPECT_TO_SEND:db_table_type">TABLE</entry>
   <entry key="CUSTOMERDATA.V_CR_INSPECT_TO_SEND:db_column_14">DOWNSTREAM_MH</entry>
   <entry key="CUSTOMERDATA.V_CR_INSPECT_TO_SEND.PROJECT:db_column_size">503</entry>
   <entry key="CUSTOMERDATA.V_CR_INSPECT_TO_SEND:db_column_13">UPSTREAM_MH</entry>
   <entry key="CUSTOMERDATA.V_CR_INSPECT_TO_SEND.DOWNSTREAM_MH:db_column_size">50</entry>
   <entry key="CUSTOMERDATA.V_CR_INSPECT_TO_SEND:db_column_12">COVER_SHAPE</entry>
   <entry key="CUSTOMERDATA.V_CR_INSPECT_TO_SEND:db_column_11">Pipe_Use</entry>
   <entry key="CUSTOMERDATA.V_CR_INSPECT_TO_SEND:db_column_10">MATERIAL</entry>
   <entry key="CUSTOMERDATA.V_CR_INSPECT_TO_SEND.PIPE_SEGMENT_REFERENCE:db_column_type">VARCHAR2</entry>
   <entry key="CUSTOMERDATA.V_CR_INSPECT_TO_SEND.WORKORDER:db_column_size">15</entry>
   <entry key="CUSTOMERDATA.V_CR_INSPECT_TO_SEND.PO_NUMBER:db_column_not_null">false</entry>
   <entry key="CUSTOMERDATA.V_CR_INSPECT_TO_SEND.FEED_STATUS:db_column_type">VARCHAR2</entry>
   <entry key="return_single_result_set">true</entry>
   <entry key="CUSTOMERDATA.V_CR_INSPECT_TO_SEND.INSPECTIONID:db_column_not_null">false</entry>
   <entry key="CUSTOMERDATA.V_CR_INSPECT_TO_SEND.INSPECTION_TYPE:db_column_size">5</entry>
   <entry key="CUSTOMERDATA.V_CR_INSPECT_TO_SEND.LATERAL_SEGMENT_REFERENCE:db_column_size">15</entry>
   <entry key="CUSTOMERDATA.V_CR_INSPECT_TO_SEND.COVER_SHAPE:db_column_size">50</entry>
   <entry key="CUSTOMERDATA.V_CR_INSPECT_TO_SEND.UPSTREAM_MH:db_column_size">50</entry>
   <entry key="CUSTOMERDATA.V_CR_INSPECT_TO_SEND.MANHOLE_NUMBER:db_column_type">VARCHAR2</entry>
   <entry key="CUSTOMERDATA.V_CR_INSPECT_TO_SEND.LATERAL_SEGMENT_REFERENCE:db_column_not_null">false</entry>
   <entry key="CUSTOMERDATA.V_CR_INSPECT_TO_SEND.Pipe_Use:db_column_type">VARCHAR2</entry>
   <entry key="CUSTOMERDATA.V_CR_INSPECT_TO_SEND.Pipe_Use:db_column_not_null">false</entry>
   <entry key="CUSTOMERDATA.V_CR_INSPECT_TO_SEND.WORKORDER:db_column_not_null">false</entry>
   <entry key="CUSTOMERDATA.V_CR_INSPECT_TO_SEND.PIPE_SEGMENT_REFERENCE:db_column_size">15</entry>
   <entry key="CUSTOMERDATA.V_CR_INSPECT_TO_SEND.FEED_STATUS:db_column_size">50</entry>
   <entry key="CUSTOMERDATA.V_CR_INSPECT_TO_SEND.PO_NUMBER:db_column_type">VARCHAR2</entry>
   <entry key="CUSTOMERDATA.V_CR_INSPECT_TO_SEND.PROJECT_SID:db_column_not_null">false</entry>
   <entry key="CUSTOMERDATA.V_CR_INSPECT_TO_SEND.MATERIAL:db_column_not_null">false</entry>
   <entry key="CUSTOMERDATA.V_CR_INSPECT_TO_SEND.MANHOLE_NUMBER:db_column_size">15</entry>
   <entry key="CUSTOMERDATA.V_CR_INSPECT_TO_SEND.Pipe_Use:db_column_size">50</entry>
   <entry key="CUSTOMERDATA.V_CR_INSPECT_TO_SEND.PROJECT_SID:db_column_type">VARCHAR2</entry>
   <entry key="CUSTOMERDATA.V_CR_INSPECT_TO_SEND.INSPECTION_TYPE:db_column_not_null">false</entry>
   <entry key="CUSTOMERDATA.V_CR_INSPECT_TO_SEND.PIPE_SEGMENT_REFERENCE:db_column_not_null">false</entry>
</properties>