<?xml version="1.0" encoding="UTF-8"?>
<!-- Generated by Oracle SOA Modeler version 12.2.1.4.0.190828. -->
<composite name="IvaraToSewerAI" revision="1.1" label="2025-12-23_11-54-58_040" mode="active" state="on"
           xmlns="http://xmlns.oracle.com/sca/1.0" xmlns:xs="http://www.w3.org/2001/XMLSchema"
           xmlns:wsp="http://schemas.xmlsoap.org/ws/2004/09/policy"
           xmlns:orawsp="http://schemas.oracle.com/ws/2006/01/policy" xmlns:ui="http://xmlns.oracle.com/soa/designer/"
           xmlns:sca-ext="http://xmlns.oracle.com/sca/1.0-ext">
           
  <!-- WSDL imports -->
  <import namespace="http://xmlns.oracle.com/pcbpel/adapter/db/Ivara12c/IvaraToSewerAI/ReadWOTSewerAIData"
          location="WSDLs/ReadWOTSewerAIData.wsdl" importType="wsdl"/>
  <import namespace="http://xmlns.oracle.com/pcbpel/adapter/file/Ivara12c/IvaraToSewerAI/ExportWOTUpdate_sp"
          location="WSDLs/ExportWOTUpdate_sp.wsdl" importType="wsdl"/>
  <import namespace="http://xmlns.oracle.com/pcbpel/adapter/db/Ivara12c/IvaraToSewerAI/UpdateWOTSewerAIData"
          location="WSDLs/UpdateWOTSewerAIData.wsdl" importType="wsdl"/>
  <import namespace="http://xmlns.oracle.com/Ivara12c/IvaraToSewerAI/SewerAIProjects"
          location="WSDLs/SewerAIProjects.wsdl" importType="wsdl"/>
  <import namespace="http://xmlns.oracle.com/pcbpel/adapter/db/Ivara12c/IvaraToSewerAI/ReadCRInspect"
          location="WSDLs/ReadCRInspect.wsdl" importType="wsdl"/>
  <import namespace="http://xmlns.oracle.com/pcbpel/adapter/db/Ivara12c/IvaraToSewerAI/UpdateCRInspectStatus"
          location="WSDLs/UpdateCRInspectStatus.wsdl" importType="wsdl"/>
  <import namespace="http://xmlns.oracle.com/Ivara12c/IvaraToSewerAI/SewerAIVideos" location="WSDLs/SewerAIVideos.wsdl"
          importType="wsdl"/>
  <import namespace="http://xmlns.oracle.com/pcbpel/adapter/file/Ivara12c/IvaraToSewerAI/ExportInspectUpdate_sp"
          location="WSDLs/ExportInspectUpdate_sp.wsdl" importType="wsdl"/>
  <service name="ReadWOTSewerAIData" ui:wsdlLocation="WSDLs/ReadWOTSewerAIData.wsdl">
    <interface.wsdl interface="http://xmlns.oracle.com/pcbpel/adapter/db/Ivara12c/IvaraToSewerAI/ReadWOTSewerAIData#wsdl.interface(ReadWOTSewerAIData_ptt)"/>
    <binding.jca config="Adapters/ReadWOTSewerAIData_db.jca">
      <!-- keep your existing retry properties -->
      <!-- add this line -->
      <property name="activationInstances"       type="xs:string" many="false">1</property>
      <property name="useRejectedMessageRecovery" type="xs:string" many="false" override="may">true</property>
      <property name="jca.retry.count" type="xs:int" many="false" override="may">4</property>
      <property name="jca.retry.interval" type="xs:int" many="false" override="may">1</property>
      <property name="jca.retry.backoff" type="xs:int" many="false" override="may">2</property>
      <property name="jca.retry.maxInterval" type="xs:int" many="false" override="may">120</property>
    </binding.jca>
  </service>


  <!-- Composite metadata -->
  <property name="productVersion" type="xs:string" many="false">12.2.1.4.0.190828</property>
  <property name="compositeID" type="xs:string" many="false">0dd5d3bc-1ba7-48b2-807e-cf1b1b07a639</property>
  <!-- BPEL component -->
  <component name="SendWOTChanges" version="2.0">
    <implementation.bpel src="BPEL/SendWOTChanges.bpel"/>
    <componentType>
      <!-- Service exposed to receive from the inbound DB adapter -->
      <!-- DB update reference the BPEL invokes -->
      <service name="ReadWOTSewerAIData" ui:wsdlLocation="WSDLs/ReadWOTSewerAIData.wsdl">
        <interface.wsdl interface="http://xmlns.oracle.com/pcbpel/adapter/db/Ivara12c/IvaraToSewerAI/ReadWOTSewerAIData#wsdl.interface(ReadWOTSewerAIData_ptt)"/>
      </service>
      <reference name="UpdateWOTSewerAIData" ui:wsdlLocation="WSDLs/UpdateWOTSewerAIData.wsdl">
        <interface.wsdl interface="http://xmlns.oracle.com/pcbpel/adapter/db/Ivara12c/IvaraToSewerAI/UpdateWOTSewerAIData#wsdl.interface(UpdateWOTSewerAIData_ptt)"/>
      </reference>
      <!-- File write reference the BPEL invokes -->
      <reference name="ExportWOTUpdate_sp" ui:wsdlLocation="WSDLs/ExportWOTUpdate_sp.wsdl">
        <interface.wsdl interface="http://xmlns.oracle.com/pcbpel/adapter/file/Ivara12c/IvaraToSewerAI/ExportWOTUpdate_sp#wsdl.interface(Write_ptt)"/>
      </reference>

      <reference name="SewerAIProjects">
         <interface.wsdl interface="http://xmlns.oracle.com/Ivara12c/IvaraToSewerAI/SewerAIProjects#wsdl.interface(SewerAIProjects_ptt)"/>
      </reference>
      <reference name="ExportInspectUpdate_sp" ui:wsdlLocation="WSDLs/ExportInspectUpdate_sp.wsdl">
        <interface.wsdl interface="http://xmlns.oracle.com/pcbpel/adapter/file/Ivara12c/IvaraToSewerAI/ExportInspectUpdate_sp#wsdl.interface(Write_ptt)"/>
      </reference>
      <reference name="UpdateCRInspectStatus" ui:wsdlLocation="WSDLs/UpdateCRInspectStatus.wsdl">
        <interface.wsdl interface="http://xmlns.oracle.com/pcbpel/adapter/db/Ivara12c/IvaraToSewerAI/UpdateCRInspectStatus#wsdl.interface(UpdateCRInspectStatus_ptt)"/>
      </reference>
      <reference name="ReadCRInspect" ui:wsdlLocation="WSDLs/ReadCRInspect.wsdl">
        <interface.wsdl interface="http://xmlns.oracle.com/pcbpel/adapter/db/Ivara12c/IvaraToSewerAI/ReadCRInspect#wsdl.interface(ReadCRInspect_ptt)"/>
      </reference>
      
      <reference name="SewerAIVideos" ui:wsdlLocation="WSDLs/SewerAIVideos.wsdl">
        <interface.wsdl interface="http://xmlns.oracle.com/Ivara12c/IvaraToSewerAI/SewerAIVideos#wsdl.interface(SewerAIVideos_ptt)"/>
      </reference>
    
    </componentType>
    
    <!-- BPEL runtime properties -->
    <property name="bpel.config.completionPersistPolicy" type="xs:string" many="false">immediate</property>
    <property name="bpel.config.transaction" type="xs:string" many="false">required</property>
    <property name="bpel.config.oneWayDeliveryPolicy" type="xs:string" many="false">sync</property>
  </component>
  
  <!-- Root-level references (bindings to external adapters) -->
  <reference name="ExportWOTUpdate_sp" ui:wsdlLocation="WSDLs/ExportWOTUpdate_sp.wsdl">
    <interface.wsdl interface="http://xmlns.oracle.com/pcbpel/adapter/file/Ivara12c/IvaraToSewerAI/ExportWOTUpdate_sp#wsdl.interface(Write_ptt)"/>
    <binding.jca config="Adapters/ExportWOTUpdate_sp_file.jca"/>
  </reference>
  
  <reference name="UpdateWOTSewerAIData" ui:wsdlLocation="WSDLs/UpdateWOTSewerAIData.wsdl">
    <interface.wsdl interface="http://xmlns.oracle.com/pcbpel/adapter/db/Ivara12c/IvaraToSewerAI/UpdateWOTSewerAIData#wsdl.interface(UpdateWOTSewerAIData_ptt)"/>
    <binding.jca config="Adapters/UpdateWOTSewerAIData_db.jca">
      <property name="jca.retry.count" type="xs:int" many="false" override="may">4</property>
      <property name="jca.retry.interval" type="xs:int" many="false" override="may">1</property>
      <property name="jca.retry.backoff" type="xs:int" many="false" override="may">2</property>
      <property name="jca.retry.maxInterval" type="xs:int" many="false" override="may">120</property>
    </binding.jca>
  </reference>

  <reference name="SewerAIProjects" ui:wsdlLocation="WSDLs/SewerAIProjects.wsdl">
    <interface.wsdl interface="http://xmlns.oracle.com/Ivara12c/IvaraToSewerAI/SewerAIProjects#wsdl.interface(SewerAIProjects_ptt)"/>
  
    <binding.rest config="WADLs/SewerAIProjects.wadl" location="https://sewerbrain.sewerai.com">
    
        <!-- REQUIRED: tells adapter to accept custom HTTP headers -->
        <property name="requestHeaders"
                  type="xs:string"
                  many="false"
                  override="may">true</property>
    
        <!-- OPTIONAL: keeps XML shape matching schema -->
        <property name="reorderJsonAsPerXmlSchema"
                  type="xs:boolean"
                  many="false"
                  override="may">true</property>
    
    </binding.rest>
    </reference>

  <!-- Wires -->
  <reference name="ReadCRInspect" ui:wsdlLocation="WSDLs/ReadCRInspect.wsdl">
    <interface.wsdl interface="http://xmlns.oracle.com/pcbpel/adapter/db/Ivara12c/IvaraToSewerAI/ReadCRInspect#wsdl.interface(ReadCRInspect_ptt)"/>
    <binding.jca config="Adapters/ReadCRInspect_db.jca">
      <property name="jca.retry.count" type="xs:int" many="false" override="may">4</property>
      <property name="jca.retry.interval" type="xs:int" many="false" override="may">1</property>
      <property name="jca.retry.backoff" type="xs:int" many="false" override="may">2</property>
      <property name="jca.retry.maxInterval" type="xs:int" many="false" override="may">120</property>
    </binding.jca>
  </reference>
  <reference name="UpdateCRInspectStatus" ui:wsdlLocation="WSDLs/UpdateCRInspectStatus.wsdl">
    <interface.wsdl interface="http://xmlns.oracle.com/pcbpel/adapter/db/Ivara12c/IvaraToSewerAI/UpdateCRInspectStatus#wsdl.interface(UpdateCRInspectStatus_ptt)"/>
    <binding.jca config="Adapters/UpdateCRInspectStatus_db.jca">
      <property name="jca.retry.count" type="xs:int" many="false" override="may">4</property>
      <property name="jca.retry.interval" type="xs:int" many="false" override="may">1</property>
      <property name="jca.retry.backoff" type="xs:int" many="false" override="may">2</property>
      <property name="jca.retry.maxInterval" type="xs:int" many="false" override="may">120</property>
    </binding.jca>
  </reference>
  <reference name="SewerAIVideos" ui:wsdlLocation="WSDLs/SewerAIVideos.wsdl">
    <interface.wsdl interface="http://xmlns.oracle.com/Ivara12c/IvaraToSewerAI/SewerAIVideos#wsdl.interface(SewerAIVideos_ptt)"/>
    <binding.rest config="WADLs/SewerAIVideos.wadl" location="https://sewerbrain.sewerai.com"/>
  </reference>
  <reference name="ExportInspectUpdate_sp" ui:wsdlLocation="WSDLs/ExportInspectUpdate_sp.wsdl">
    <interface.wsdl interface="http://xmlns.oracle.com/pcbpel/adapter/file/Ivara12c/IvaraToSewerAI/ExportInspectUpdate_sp#wsdl.interface(Write_ptt)"/>
    <binding.jca config="Adapters/ExportInspectUpdate_sp_file.jca"/>
  </reference>
  <wire>
    <source.uri>SendWOTChanges/UpdateWOTSewerAIData</source.uri>
    <target.uri>UpdateWOTSewerAIData</target.uri>
  </wire>
  <wire>
    <source.uri>SendWOTChanges/ExportWOTUpdate_sp</source.uri>
    <target.uri>ExportWOTUpdate_sp</target.uri>
  </wire>
  <wire>
    <source.uri>SendWOTChanges/SewerAIProjects</source.uri>
    <target.uri>SewerAIProjects</target.uri>
  </wire>
  <wire>
    <source.uri>ReadWOTSewerAIData</source.uri>
    <target.uri>SendWOTChanges/ReadWOTSewerAIData</target.uri>
  </wire>
  
  <wire>
    <source.uri>SendWOTChanges/ReadCRInspect</source.uri>
    <target.uri>ReadCRInspect</target.uri>
  </wire>
   
  <wire>
    <source.uri>SendWOTChanges/ExportInspectUpdate_sp</source.uri>
    <target.uri>ExportInspectUpdate_sp</target.uri>
  </wire>
   
  <wire>
    <source.uri>SendWOTChanges/SewerAIVideos</source.uri>
    <target.uri>SewerAIVideos</target.uri>
  </wire>
   
  <wire>
    <source.uri>SendWOTChanges/UpdateCRInspectStatus</source.uri>
    <target.uri>UpdateCRInspectStatus</target.uri>
  </wire>
</composite>